{
    "epoch": 9.999979669424848,
    "eval_loss": 0.3545917272567749,
    "eval_runtime": 174.4062,
    "eval_samples_per_second": 1002.843,
    "eval_steps_per_second": 31.341,
    "perplexity": 1.4255985024398732,
    "total_flos": 0.0,
    "train_loss": 0.03029868142163628,
    "train_runtime": 6183.1746,
    "train_samples_per_second": 2545.59,
    "train_steps_per_second": 39.774
}