{
    "epoch": 1.0,
    "eval_runtime": 3342.8782,
    "eval_samples_per_second": 687.806,
    "eval_steps_per_second": 85.976,
    "perplexity": Infinity,
    "total_flos": 6.041190979823558e+16,
    "train_loss": 1.1865958911132812,
    "train_runtime": 9631.9425,
    "train_samples_per_second": 332.228,
    "train_steps_per_second": 5.191
}