{
    "epoch": 1.0,
    "total_flos": 6.041190979823558e+16,
    "train_loss": 1.1865958911132812,
    "train_runtime": 9631.9425,
    "train_samples_per_second": 332.228,
    "train_steps_per_second": 5.191
}