{
    "epoch": 9.999939008274545,
    "total_flos": 0.0,
    "train_loss": 0.09415515477672927,
    "train_runtime": 13813.1789,
    "train_samples_per_second": 1139.479,
    "train_steps_per_second": 17.804
}